{
  "accuracy": 0.9318181818181818,
  "report": {
    "0": {
      "precision": 1.0,
      "recall": 0.4,
      "f1-score": 0.5714285714285714,
      "support": 5.0
    },
    "1": {
      "precision": 0.9285714285714286,
      "recall": 1.0,
      "f1-score": 0.9629629629629629,
      "support": 39.0
    },
    "accuracy": 0.9318181818181818,
    "macro avg": {
      "precision": 0.9642857142857143,
      "recall": 0.7,
      "f1-score": 0.7671957671957672,
      "support": 44.0
    },
    "weighted avg": {
      "precision": 0.9366883116883117,
      "recall": 0.9318181818181818,
      "f1-score": 0.9184704184704183,
      "support": 44.0
    }
  }
}