{
  "mse": 0.05325227272727273,
  "r2": 0.964837517053206
}