{
  "accuracy": 0.9090909090909091,
  "report": {
    "0": {
      "precision": 1.0,
      "recall": 0.2,
      "f1-score": 0.3333333333333333,
      "support": 5.0
    },
    "1": {
      "precision": 0.9069767441860465,
      "recall": 1.0,
      "f1-score": 0.9512195121951219,
      "support": 39.0
    },
    "accuracy": 0.9090909090909091,
    "macro avg": {
      "precision": 0.9534883720930232,
      "recall": 0.6,
      "f1-score": 0.6422764227642276,
      "support": 44.0
    },
    "weighted avg": {
      "precision": 0.9175475687103595,
      "recall": 0.9090909090909091,
      "f1-score": 0.8810051736881004,
      "support": 44.0
    }
  }
}