{
  "mse": 0.13121892511844635,
  "r2": 0.9133561253547668
}