{
  "accuracy": 0.9318181818181818,
  "report": {
    "LPT": {
      "precision": 1.0,
      "recall": 1.0,
      "f1-score": 1.0,
      "support": 3.0
    },
    "MST": {
      "precision": 1.0,
      "recall": 0.9230769230769231,
      "f1-score": 0.96,
      "support": 39.0
    },
    "SPT": {
      "precision": 0.4,
      "recall": 1.0,
      "f1-score": 0.5714285714285714,
      "support": 2.0
    },
    "accuracy": 0.9318181818181818,
    "macro avg": {
      "precision": 0.7999999999999999,
      "recall": 0.9743589743589745,
      "f1-score": 0.8438095238095237,
      "support": 44.0
    },
    "weighted avg": {
      "precision": 0.9727272727272727,
      "recall": 0.9318181818181818,
      "f1-score": 0.945064935064935,
      "support": 44.0
    }
  }
}